32060,1653,1824,Teachers,Teachers
32080,1653,1824,Teachers,Teachers
32320,1668,1824,Teachers,Teachers
32340,1668,1824,Teachers,Teachers
32360,1668,1824,Teachers,Teachers
32380,1668,1824,Teachers,Teachers
32740,1668,1824,Teachers,Teachers
32760,1668,1824,Teachers,Teachers
32780,1668,1824,Teachers,Teachers
33600,1653,1668,Teachers,Teachers
33620,1653,1668,Teachers,Teachers
33640,1653,1668,Teachers,Teachers
35040,1668,1824,Teachers,Teachers
35380,1653,1668,Teachers,Teachers
35740,1653,1668,Teachers,Teachers
35800,1668,1824,Teachers,Teachers
35820,1668,1824,Teachers,Teachers
35960,1668,1824,Teachers,Teachers
35980,1668,1824,Teachers,Teachers
36140,1668,1824,Teachers,Teachers
36200,1668,1824,Teachers,Teachers
36340,1668,1824,Teachers,Teachers
36420,1668,1824,Teachers,Teachers
37020,1650,1653,Teachers,Teachers
37080,1653,1745,Teachers,Teachers
37380,1709,1746,Teachers,Teachers
37400,1709,1746,Teachers,Teachers
37420,1709,1746,Teachers,Teachers
37780,1650,1709,Teachers,Teachers
38080,1650,1852,Teachers,Teachers
38620,1709,1852,Teachers,Teachers
38800,1709,1746,Teachers,Teachers
38820,1709,1746,Teachers,Teachers
38840,1709,1746,Teachers,Teachers
38860,1709,1746,Teachers,Teachers
38880,1709,1746,Teachers,Teachers
39000,1709,1746,Teachers,Teachers
39020,1709,1746,Teachers,Teachers
39040,1709,1746,Teachers,Teachers
39060,1709,1746,Teachers,Teachers
39060,1709,1852,Teachers,Teachers
39080,1709,1746,Teachers,Teachers
39080,1709,1852,Teachers,Teachers
39080,1746,1852,Teachers,Teachers
39100,1709,1746,Teachers,Teachers
39100,1709,1852,Teachers,Teachers
39120,1709,1746,Teachers,Teachers
39120,1709,1852,Teachers,Teachers
39140,1709,1746,Teachers,Teachers
39140,1709,1852,Teachers,Teachers
39140,1746,1852,Teachers,Teachers
39160,1709,1746,Teachers,Teachers
39160,1709,1852,Teachers,Teachers
39400,1746,1852,Teachers,Teachers
39500,1746,1753,Teachers,Teachers
42980,1521,1653,Teachers,Teachers
43680,1745,1753,Teachers,Teachers
43960,1745,1753,Teachers,Teachers
44000,1746,1753,Teachers,Teachers
47560,1709,1745,Teachers,Teachers
48100,1521,1824,Teachers,Teachers
48160,1521,1745,Teachers,Teachers
48160,1521,1824,Teachers,Teachers
48160,1745,1824,Teachers,Teachers
48260,1521,1824,Teachers,Teachers
48320,1521,1745,Teachers,Teachers
48400,1521,1745,Teachers,Teachers
48760,1521,1745,Teachers,Teachers
48980,1668,1745,Teachers,Teachers
50660,1521,1745,Teachers,Teachers
50800,1521,1653,Teachers,Teachers
50820,1521,1653,Teachers,Teachers
51260,1653,1753,Teachers,Teachers
51280,1653,1753,Teachers,Teachers
51300,1653,1753,Teachers,Teachers
51320,1653,1753,Teachers,Teachers
51320,1709,1746,Teachers,Teachers
51340,1653,1753,Teachers,Teachers
51340,1709,1746,Teachers,Teachers
51600,1709,1746,Teachers,Teachers
51660,1709,1746,Teachers,Teachers
56960,1650,1824,Teachers,Teachers
57800,1521,1824,Teachers,Teachers
57880,1709,1746,Teachers,Teachers
57920,1709,1746,Teachers,Teachers
57980,1668,1824,Teachers,Teachers
58000,1668,1824,Teachers,Teachers
58040,1521,1753,Teachers,Teachers
58080,1521,1753,Teachers,Teachers
58240,1521,1746,Teachers,Teachers
58260,1521,1746,Teachers,Teachers
58280,1521,1746,Teachers,Teachers
58300,1521,1709,Teachers,Teachers
58320,1521,1709,Teachers,Teachers
58340,1521,1709,Teachers,Teachers
58360,1521,1709,Teachers,Teachers
58380,1709,1746,Teachers,Teachers
58420,1521,1746,Teachers,Teachers
58460,1521,1746,Teachers,Teachers
58520,1521,1746,Teachers,Teachers
